{"13": [0.0, 0.0, 0.0, 0.0, 0.0, 0.0, 0.0, 0.0, 0.0, 0.0, 0.0, 0.0, 0.0, 0.0, 0.0, 0.0, 0.0, 0.0, 0.0, 0.0, 0.2593837501278812, 0.0, 0.0, 0.0, 0.0, 0.2593837501278812, 0.0, 0.0, 0.0, 0.0, 0.0, 0.0, 0.0, 0.40137332755197486, 0.0, 0.0, 0.0, 0.0, 0.0, 0.0, 0.0, 0.0, 0.0, 0.0, 0.0, 0.0, 0.0, 0.0, 0.0, 0.0, 0.0, 0.0, 0.0, 0.2593837501278812, 0.0, 0.0, 0.0, 0.0, 0.0, 0.0, 0.0, 0.0, 0.0, 0.0, 0.0, 0.0, 0.0, 0.0, 0.0, 0.0, 0.0, 0.0, 0.0, 0.0, 0.0, 0.0, 0.0, 0.0, 0.0, 0.0, 0.0, 0.0, 0.0, 0.0, 0.2593837501278812, 0.0, 0.0, 0.2593837501278812, 0.0, 0.0, 0.0, 0.0, 0.0, 0.0, 0.0, 0.0, 0.0, 0.0, 0.0, 0.0, 0.2593837501278812, 0.0, 0.47712125471966244, 0.0, 0.0, 0.0, 0.0, 0.0, 0.0, 0.0, 0.0, 0.0, 0.47712125471966244, 0.0, 0.0, 0.0, 0.0, 0.0, 0.0, 0.2593837501278812, 0.0, 0.0, 0.2593837501278812, 0.0, 0.0, 0.0, 0.0, 0.0, 0.0, 0.0, 0.0, 0.0, 0.0, 0.2593837501278812, 0.0, 0.0, 0.0, 0.0, 0.0, 0.0, 0.0, 0.0, 0.2593837501278812, 0.0, 0.0, 0.0, 0.0, 0.0, 0.0, 0.0, 0.0, 0.0, 0.0, 0.0, 0.0, 0.2593837501278812, 0.0, 0.0, 0.0, 0.0, 0.0, 0.0, 0.0, 0.0, 0.0, 0.0, 0.0, 0.0, 0.0, 0.0, 0.0], "14": [0.1296918750639406, 0.1296918750639406, 0.0, 0.0, 0.10034333188799371, 0.0, 0.16873301965209223, 0.1296918750639406, 0.0, 0.1296918750639406, 0.20068666377598743, 0.0, 0.0, 0.23856062735983122, 0.1296918750639406, 0.0, 0.1296918750639406, 0.1296918750639406, 0.1296918750639406, 0.1296918750639406, 0.0, 0.16873301965209223, 0.0, 0.1296918750639406, 0.0, 0.0, 0.1296918750639406, 0.0, 0.16873301965209223, 0.1296918750639406, 0.1296918750639406, 0.20068666377598743, 0.1296918750639406, 0.0, 0.20068666377598743, 0.16873301965209223, 0.1296918750639406, 0.1296918750639406, 0.16873301965209223, 0.1296918750639406, 0.20068666377598743, 0.0, 0.0, 0.1296918750639406, 0.1296918750639406, 0.20068666377598743, 0.1296918750639406, 0.1296918750639406, 0.0, 0.0, 0.16873301965209223, 0.20068666377598743, 0.1296918750639406, 0.0, 0.1296918750639406, 0.16873301965209223, 0.1296918750639406, 0.20691635465303856, 0.1296918750639406, 0.0, 0.1296918750639406, 0.0, 0.1296918750639406, 0.1296918750639406, 0.1296918750639406, 0.1296918750639406, 0.1296918750639406, 0.0, 0.1296918750639406, 0.1296918750639406, 0.0, 0.1296918750639406, 0.1296918750639406, 0.0, 0.1296918750639406, 0.0, 0.16873301965209223, 0.1296918750639406, 0.1296918750639406, 0.1296918750639406, 0.1296918750639406, 0.1296918750639406, 0.20068666377598743, 0.1296918750639406, 0.0, 0.1296918750639406, 0.16873301965209223, 0.0, 0.1296918750639406, 0.0, 0.16873301965209223, 0.1296918750639406, 0.0, 0.1296918750639406, 0.1296918750639406, 0.20068666377598743, 0.0, 0.0, 0.1296918750639406, 0.1296918750639406, 0.0, 0.1296918750639406, 0.0, 0.16873301965209223, 0.1296918750639406, 0.0, 0.1915706252213936, 0.1296918750639406, 0.0, 0.16873301965209223, 0.20068666377598743, 0.1296918750639406, 0.0, 0.2610993693022918, 0.23856062735983122, 0.1296918750639406, 0.1296918750639406, 0.1296918750639406, 0.0, 0.0, 0.1296918750639406, 0.0, 0.0, 0.1296918750639406, 0.1296918750639406, 0.1915706252213936, 0.0, 0.1296918750639406, 0.1296918750639406, 0.1296918750639406, 0.0, 0.0, 0.0, 0.0, 0.0, 0.0, 0.1296918750639406, 0.1296918750639406, 0.1296918750639406, 0.0, 0.0, 0.1296918750639406, 0.0, 0.0, 0.0, 0.1296918750639406, 0.1296918750639406, 0.1296918750639406, 0.1296918750639406, 0.1296918750639406, 0.1296918750639406, 0.20068666377598743, 0.1296918750639406, 0.1296918750639406, 0.1305496846511459, 0.0, 0.20068666377598743, 0.23856062735983122, 0.1296918750639406, 0.1296918750639406, 0.1296918750639406, 0.0, 0.1296918750639406, 0.0, 0.1296918750639406, 0.0, 0.1296918750639406, 0.1296918750639406, 0.1296918750639406, 0.1296918750639406, 0.1296918750639406]}